image_filename,class_number
im_1_16.png,0
im_20_16.png,0
im_11_16.png,0
im_14_16.png,0
im_17_16.png,0
im_7_16.png,0
im_8_16.png,0
im_13_16.png,0
im_21_16.png,0
im_6_16.png,0
im_9_16.png,0
im_2_16.png,0
im_5_16.png,0
im_23_16.png,0
im_3_16.png,0
im_22_16.png,0
im_19_16.png,3
im_4_16.png,0
im_10_16.png,0
im_0_16.png,3
im_12_16.png,3
im_15_16.png,2
im_16_16.png,0
im_18_16.png,0
im_14_20.png,3
im_42_20.png,3
im_73_20.png,3
im_16_20.png,3
im_85_20.png,3
im_61_20.png,3
im_12_20.png,3
im_34_20.png,3
im_100_20.png,3
im_89_20.png,3
im_49_20.png,3
im_76_20.png,3
im_98_20.png,3
im_60_20.png,3
im_84_20.png,3
im_31_20.png,3
im_15_20.png,3
im_6_20.png,3
im_45_20.png,3
im_70_20.png,3
im_75_20.png,3
im_96_20.png,3
im_43_20.png,3
im_24_20.png,3
im_9_20.png,3
im_81_20.png,3
im_25_20.png,3
im_33_20.png,3
im_87_20.png,3
im_63_20.png,3
im_13_20.png,3
im_93_20.png,3
im_36_20.png,3
im_74_20.png,3
im_58_20.png,3
im_50_20.png,3
im_53_20.png,3
im_79_20.png,3
im_35_20.png,3
im_40_20.png,3
im_0_20.png,3
im_94_20.png,3
im_106_20.png,3
im_102_20.png,3
im_3_20.png,3
im_1_20.png,3
im_2_20.png,3
im_57_20.png,3
im_80_20.png,3
im_4_20.png,3
im_86_20.png,3
im_20_20.png,3
im_47_20.png,3
im_56_20.png,3
im_17_20.png,3
im_105_20.png,3
im_30_20.png,3
im_28_20.png,3
im_39_20.png,3
im_99_20.png,3
im_22_20.png,3
im_66_20.png,3
im_64_20.png,3
im_19_20.png,3
im_101_20.png,3
im_107_20.png,3
im_65_20.png,3
im_71_20.png,3
im_46_20.png,3
im_21_20.png,3
im_54_20.png,3
im_8_20.png,3
im_90_20.png,3
im_29_20.png,3
im_7_20.png,3
im_72_20.png,3
im_97_20.png,3
im_77_20.png,3
im_95_20.png,3
im_92_20.png,3
im_59_20.png,3
im_88_20.png,3
im_52_20.png,3
im_62_20.png,3
im_38_20.png,3
im_11_20.png,3
im_104_20.png,3
im_5_20.png,3
im_27_20.png,3
im_41_20.png,3
im_10_20.png,3
im_91_20.png,3
im_48_20.png,3
im_23_20.png,3
im_69_20.png,3
im_68_20.png,3
im_51_20.png,3
im_67_20.png,3
im_83_20.png,3
im_37_20.png,3
im_32_20.png,3
im_55_20.png,3
im_78_20.png,3
im_44_20.png,3
im_18_20.png,3
im_103_20.png,3
im_82_20.png,3
im_26_20.png,3
im_25_21.png,1
im_34_21.png,1
im_59_21.png,1
im_39_21.png,2
im_1_21.png,1
im_33_21.png,2
im_0_21.png,1
im_3_21.png,2
im_40_21.png,1
im_53_21.png,1
im_37_21.png,2
im_36_21.png,2
im_10_21.png,2
im_47_21.png,2
im_63_21.png,2
im_26_21.png,2
im_38_21.png,2
im_42_21.png,2
im_20_21.png,2
im_62_21.png,2
im_7_21.png,2
im_6_21.png,2
im_30_21.png,2
im_50_21.png,2
im_58_21.png,2
im_35_21.png,2
im_21_21.png,2
im_18_21.png,2
im_15_21.png,1
im_49_21.png,2
im_31_21.png,2
im_41_21.png,2
im_9_21.png,2
im_5_21.png,1
im_54_21.png,2
im_14_21.png,1
im_11_21.png,2
im_12_21.png,2
im_57_21.png,2
im_24_21.png,1
im_28_21.png,1
im_55_21.png,1
im_44_21.png,2
im_17_21.png,1
im_16_21.png,1
im_32_21.png,1
im_13_21.png,2
im_4_21.png,2
im_61_21.png,1
im_29_21.png,2
im_56_21.png,2
im_22_21.png,2
im_43_21.png,2
im_52_21.png,2
im_27_21.png,2
im_23_21.png,2
im_51_21.png,2
im_45_21.png,2
im_48_21.png,2
im_2_21.png,2
im_8_21.png,2
im_19_21.png,2
im_60_21.png,2
im_46_21.png,1
im_153_26.png,3
im_55_26.png,3
im_116_26.png,3
im_86_26.png,3
im_141_26.png,3
im_74_26.png,3
im_33_26.png,3
im_124_26.png,3
im_28_26.png,3
im_129_26.png,3
im_32_26.png,3
im_139_26.png,3
im_133_26.png,3
im_1_26.png,3
im_148_26.png,3
im_119_26.png,3
im_81_26.png,3
im_75_26.png,3
im_54_26.png,3
im_69_26.png,3
im_97_26.png,3
im_59_26.png,3
im_4_26.png,3
im_51_26.png,3
im_36_26.png,3
im_25_26.png,3
im_83_26.png,3
im_61_26.png,3
im_26_26.png,3
im_12_26.png,3
im_3_26.png,3
im_121_26.png,3
im_91_26.png,3
im_118_26.png,3
im_19_26.png,3
im_137_26.png,3
im_72_26.png,3
im_151_26.png,3
im_65_26.png,3
im_102_26.png,3
im_114_26.png,3
im_31_26.png,3
im_80_26.png,3
im_14_26.png,3
im_145_26.png,3
im_58_26.png,3
im_39_26.png,3
im_111_26.png,3
im_43_26.png,3
im_41_26.png,3
im_13_26.png,3
im_103_26.png,3
im_100_26.png,3
im_11_26.png,3
im_105_26.png,3
im_135_26.png,3
im_89_26.png,3
im_144_26.png,3
im_15_26.png,1
im_63_26.png,3
im_0_26.png,3
im_152_26.png,3
im_107_26.png,3
im_128_26.png,3
im_20_26.png,3
im_76_26.png,3
im_92_26.png,3
im_62_26.png,3
im_70_26.png,3
im_77_26.png,3
im_27_26.png,3
im_147_26.png,3
im_149_26.png,3
im_24_26.png,3
im_113_26.png,3
im_47_26.png,3
im_64_26.png,3
im_109_26.png,3
im_120_26.png,3
im_122_26.png,3
im_143_26.png,3
im_140_26.png,3
im_73_26.png,3
im_87_26.png,3
im_66_26.png,3
im_67_26.png,3
im_126_26.png,3
im_7_26.png,3
im_68_26.png,3
im_142_26.png,3
im_82_26.png,3
im_127_26.png,3
im_56_26.png,3
im_150_26.png,3
im_46_26.png,3
im_108_26.png,3
im_57_26.png,3
im_125_26.png,3
im_93_26.png,3
im_84_26.png,3
im_35_26.png,3
im_16_26.png,3
im_60_26.png,3
im_90_26.png,3
im_132_26.png,3
im_101_26.png,3
im_88_26.png,3
im_44_26.png,3
im_94_26.png,3
im_50_26.png,3
im_106_26.png,3
im_95_26.png,3
im_130_26.png,3
im_110_26.png,3
im_112_26.png,3
im_98_26.png,3
im_40_26.png,3
im_8_26.png,3
im_136_26.png,3
im_45_26.png,3
im_29_26.png,3
im_134_26.png,3
im_96_26.png,3
im_78_26.png,3
im_146_26.png,3
im_34_26.png,3
im_79_26.png,3
im_115_26.png,3
im_37_26.png,3
im_22_26.png,3
im_38_26.png,3
im_117_26.png,3
im_23_26.png,3
im_6_26.png,3
im_138_26.png,3
im_5_26.png,3
im_49_26.png,3
im_42_26.png,3
im_17_26.png,3
im_48_26.png,3
im_53_26.png,3
im_104_26.png,3
im_10_26.png,3
im_52_26.png,3
im_30_26.png,3
im_123_26.png,3
im_131_26.png,3
im_21_26.png,3
im_18_26.png,3
im_71_26.png,3
im_99_26.png,3
im_85_26.png,3
im_2_26.png,3
im_9_26.png,3
im_135_27.png,0
im_162_27.png,3
im_51_27.png,3
im_191_27.png,3
im_95_27.png,3
im_37_27.png,3
im_116_27.png,3
im_38_27.png,3
im_139_27.png,3
im_149_27.png,3
im_127_27.png,3
im_168_27.png,3
im_164_27.png,3
im_55_27.png,3
im_69_27.png,3
im_89_27.png,3
im_184_27.png,3
im_156_27.png,3
im_35_27.png,3
im_93_27.png,3
im_126_27.png,3
im_63_27.png,3
im_140_27.png,3
im_118_27.png,3
im_72_27.png,3
im_92_27.png,3
im_81_27.png,3
im_120_27.png,3
im_147_27.png,3
im_67_27.png,3
im_50_27.png,3
im_144_27.png,3
im_125_27.png,3
im_161_27.png,3
im_40_27.png,3
im_12_27.png,3
im_26_27.png,3
im_7_27.png,3
im_123_27.png,3
im_99_27.png,3
im_155_27.png,3
im_194_27.png,3
im_4_27.png,3
im_31_27.png,3
im_195_27.png,3
im_133_27.png,3
im_111_27.png,3
im_130_27.png,3
im_169_27.png,0
im_70_27.png,0
im_8_27.png,0
im_76_27.png,0
im_16_27.png,0
im_28_27.png,3
im_36_27.png,0
im_19_27.png,0
im_85_27.png,3
im_173_27.png,1
im_1_27.png,3
im_183_27.png,1
im_198_27.png,1
im_96_27.png,1
im_11_27.png,1
im_64_27.png,1
im_117_27.png,1
im_137_27.png,1
im_170_27.png,1
im_54_27.png,1
im_153_27.png,1
im_20_27.png,1
im_177_27.png,1
im_188_27.png,1
im_42_27.png,1
im_14_27.png,1
im_23_27.png,1
im_71_27.png,1
im_157_27.png,1
im_18_27.png,1
im_49_27.png,1
im_57_27.png,1
im_145_27.png,1
im_66_27.png,1
im_68_27.png,1
im_24_27.png,1
im_108_27.png,1
im_122_27.png,1
im_25_27.png,1
im_91_27.png,1
im_90_27.png,1
im_21_27.png,1
im_86_27.png,1
im_58_27.png,1
im_113_27.png,1
im_163_27.png,1
im_34_27.png,1
im_136_27.png,1
im_138_27.png,1
im_27_27.png,1
im_0_27.png,1
im_39_27.png,1
im_5_27.png,1
im_142_27.png,1
im_84_27.png,1
im_151_27.png,1
im_107_27.png,1
im_159_27.png,1
im_115_27.png,1
im_2_27.png,1
im_114_27.png,1
im_179_27.png,1
im_56_27.png,1
im_22_27.png,1
im_6_27.png,1
im_193_27.png,3
im_134_27.png,3
im_60_27.png,3
im_121_27.png,1
im_192_27.png,1
im_44_27.png,1
im_29_27.png,1
im_83_27.png,3
im_87_27.png,3
im_43_27.png,1
im_80_27.png,1
im_175_27.png,1
im_143_27.png,1
im_172_27.png,1
im_197_27.png,1
im_75_27.png,1
im_88_27.png,1
im_17_27.png,1
im_103_27.png,1
im_189_27.png,1
im_141_27.png,1
im_132_27.png,1
im_52_27.png,1
im_15_27.png,1
im_100_27.png,1
im_53_27.png,1
im_112_27.png,1
im_9_27.png,1
im_45_27.png,1
im_94_27.png,1
im_104_27.png,1
im_178_27.png,1
im_102_27.png,1
im_154_27.png,1
im_190_27.png,1
im_106_27.png,1
im_131_27.png,1
im_148_27.png,1
im_185_27.png,1
im_128_27.png,1
im_187_27.png,1
im_59_27.png,1
im_165_27.png,1
im_47_27.png,1
im_65_27.png,1
im_110_27.png,1
im_62_27.png,1
im_160_27.png,1
im_32_27.png,1
im_180_27.png,1
im_30_27.png,1
im_181_27.png,1
im_98_27.png,1
im_152_27.png,1
im_150_27.png,1
im_82_27.png,1
im_101_27.png,1
im_176_27.png,1
im_97_27.png,1
im_174_27.png,1
im_41_27.png,1
im_124_27.png,1
im_129_27.png,1
im_46_27.png,1
im_13_27.png,1
im_48_27.png,1
im_166_27.png,1
im_33_27.png,1
im_109_27.png,1
im_79_27.png,1
im_186_27.png,1
im_77_27.png,1
im_73_27.png,1
im_146_27.png,1
im_3_27.png,1
im_171_27.png,1
im_167_27.png,1
im_196_27.png,1
im_10_27.png,1
im_182_27.png,1
im_61_27.png,1
im_119_27.png,1
im_105_27.png,1
im_158_27.png,1
im_78_27.png,1
im_74_27.png,1
im_11_33.png,0
im_102_33.png,3
im_71_33.png,1
im_70_33.png,3
im_49_33.png,3
im_40_33.png,3
im_43_33.png,3
im_68_33.png,3
im_32_33.png,3
im_18_33.png,3
im_25_33.png,0
im_90_33.png,3
im_101_33.png,1
im_91_33.png,3
im_12_33.png,3
im_75_33.png,3
im_96_33.png,3
im_0_33.png,3
im_1_33.png,1
im_20_33.png,3
im_52_33.png,3
im_88_33.png,3
im_87_33.png,3
im_97_33.png,3
im_39_33.png,3
im_59_33.png,3
im_27_33.png,1
im_95_33.png,3
im_14_33.png,0
im_93_33.png,0
im_10_33.png,0
im_79_33.png,0
im_56_33.png,2
im_103_33.png,1
im_46_33.png,1
im_85_33.png,3
im_17_33.png,0
im_82_33.png,0
im_86_33.png,0
im_89_33.png,0
im_72_33.png,0
im_6_33.png,0
im_83_33.png,0
im_33_33.png,0
im_22_33.png,0
im_118_33.png,0
im_31_33.png,0
im_119_33.png,0
im_4_33.png,0
im_30_33.png,0
im_80_33.png,0
im_50_33.png,0
im_38_33.png,0
im_108_33.png,0
im_116_33.png,0
im_99_33.png,0
im_111_33.png,0
im_19_33.png,0
im_104_33.png,0
im_42_33.png,0
im_21_33.png,0
im_77_33.png,0
im_55_33.png,0
im_26_33.png,3
im_57_33.png,0
im_115_33.png,0
im_110_33.png,0
im_73_33.png,3
im_5_33.png,0
im_120_33.png,0
im_8_33.png,0
im_84_33.png,0
im_63_33.png,2
im_76_33.png,2
im_48_33.png,2
im_51_33.png,2
im_69_33.png,3
im_92_33.png,3
im_65_33.png,2
im_23_33.png,2
im_15_33.png,0
im_113_33.png,0
im_37_33.png,2
im_58_33.png,2
im_29_33.png,0
im_114_33.png,0
im_60_33.png,0
im_121_33.png,3
im_2_33.png,0
im_62_33.png,0
im_53_33.png,0
im_100_33.png,0
im_109_33.png,0
im_122_33.png,0
im_41_33.png,0
im_45_33.png,0
im_3_33.png,0
im_74_33.png,0
im_94_33.png,0
im_106_33.png,0
im_105_33.png,0
im_66_33.png,0
im_13_33.png,3
im_64_33.png,0
im_112_33.png,0
im_98_33.png,0
im_9_33.png,3
im_54_33.png,0
im_34_33.png,3
im_117_33.png,0
im_36_33.png,0
im_67_33.png,0
im_35_33.png,0
im_16_33.png,3
im_47_33.png,0
im_7_33.png,0
im_28_33.png,0
im_78_33.png,0
im_44_33.png,0
im_81_33.png,0
im_107_33.png,0
im_61_33.png,0
im_24_33.png,0
im_53_37.png,1
im_41_37.png,1
im_69_37.png,3
im_13_37.png,1
im_10_37.png,3
im_84_37.png,1
im_9_37.png,1
im_24_37.png,1
im_58_37.png,1
im_49_37.png,1
im_33_37.png,1
im_8_37.png,1
im_70_37.png,3
im_71_37.png,1
im_17_37.png,1
im_43_37.png,1
im_46_37.png,1
im_32_37.png,1
im_80_37.png,1
im_61_37.png,1
im_57_37.png,1
im_51_37.png,1
im_18_37.png,1
im_59_37.png,1
im_42_37.png,0
im_5_37.png,1
im_6_37.png,1
im_66_37.png,1
im_79_37.png,1
im_14_37.png,1
im_52_37.png,1
im_23_37.png,1
im_16_37.png,1
im_4_37.png,1
im_45_37.png,1
im_26_37.png,1
im_75_37.png,1
im_64_37.png,1
im_37_37.png,3
im_67_37.png,1
im_72_37.png,1
im_15_37.png,1
im_82_37.png,1
im_22_37.png,1
im_21_37.png,1
im_60_37.png,1
im_39_37.png,1
im_54_37.png,1
im_56_37.png,1
im_25_37.png,1
im_31_37.png,1
im_50_37.png,1
im_81_37.png,1
im_36_37.png,1
im_74_37.png,1
im_19_37.png,1
im_77_37.png,1
im_78_37.png,1
im_2_37.png,1
im_30_37.png,1
im_62_37.png,1
im_11_37.png,1
im_68_37.png,1
im_34_37.png,1
im_55_37.png,1
im_7_37.png,1
im_48_37.png,1
im_35_37.png,1
im_76_37.png,1
im_65_37.png,1
im_1_37.png,1
im_0_37.png,1
im_38_37.png,1
im_3_37.png,1
im_63_37.png,1
im_20_37.png,1
im_28_37.png,1
im_47_37.png,1
im_83_37.png,1
im_29_37.png,1
im_27_37.png,1
im_44_37.png,1
im_40_37.png,1
im_73_37.png,1
im_12_37.png,1
im_33_38.png,1
im_0_38.png,1
im_42_38.png,1
im_18_38.png,1
im_36_38.png,1
im_20_38.png,1
im_34_38.png,1
im_14_38.png,1
im_6_38.png,1
im_17_38.png,3
im_52_38.png,1
im_54_38.png,1
im_27_38.png,1
im_49_38.png,3
im_7_38.png,3
im_2_38.png,1
im_41_38.png,1
im_51_38.png,1
im_45_38.png,1
im_1_38.png,1
im_15_38.png,3
im_40_38.png,3
im_11_38.png,3
im_43_38.png,3
im_39_38.png,3
im_21_38.png,3
im_47_38.png,3
im_9_38.png,3
im_56_38.png,3
im_28_38.png,3
im_38_38.png,3
im_53_38.png,3
im_10_38.png,3
im_23_38.png,3
im_44_38.png,3
im_48_38.png,3
im_31_38.png,3
im_24_38.png,3
im_59_38.png,3
im_37_38.png,3
im_25_38.png,3
im_60_38.png,3
im_50_38.png,3
im_57_38.png,3
im_4_38.png,3
im_3_38.png,3
im_29_38.png,3
im_22_38.png,3
im_13_38.png,3
im_5_38.png,3
im_8_38.png,3
im_35_38.png,3
im_55_38.png,3
im_46_38.png,3
im_30_38.png,3
im_19_38.png,3
im_58_38.png,3
im_16_38.png,3
im_32_38.png,3
im_12_38.png,3
im_26_38.png,3
im_10_39.png,1
im_5_39.png,1
im_7_39.png,2
im_14_39.png,1
im_33_39.png,1
im_20_39.png,1
im_27_39.png,1
im_37_39.png,2
im_31_39.png,2
im_35_39.png,2
im_1_39.png,2
im_22_39.png,1
im_30_39.png,1
im_12_39.png,1
im_18_39.png,1
im_2_39.png,1
im_28_39.png,1
im_3_39.png,1
im_15_39.png,1
im_36_39.png,1
im_25_39.png,1
im_26_39.png,2
im_21_39.png,2
im_13_39.png,2
im_29_39.png,2
im_11_39.png,2
im_6_39.png,1
im_38_39.png,2
im_24_39.png,2
im_23_39.png,2
im_32_39.png,1
im_19_39.png,1
im_0_39.png,1
im_9_39.png,1
im_8_39.png,1
im_17_39.png,1
im_34_39.png,1
im_39_39.png,1
im_16_39.png,1
im_4_39.png,1
im_27_58.png,1
im_19_58.png,1
im_1_58.png,1
im_3_58.png,1
im_0_58.png,1
im_23_58.png,1
im_33_58.png,1
im_9_58.png,1
im_5_58.png,1
im_17_58.png,2
im_6_58.png,2
im_14_58.png,2
im_20_58.png,1
im_8_58.png,1
im_7_58.png,2
im_13_58.png,2
im_26_58.png,2
im_30_58.png,2
im_25_58.png,2
im_10_58.png,2
im_28_58.png,2
im_12_58.png,2
im_11_58.png,2
im_31_58.png,2
im_32_58.png,2
im_4_58.png,2
im_22_58.png,2
im_18_58.png,2
im_2_58.png,2
im_16_58.png,2
im_24_58.png,2
im_21_58.png,2
im_29_58.png,2
im_34_58.png,2
im_15_58.png,2
im_13_9.png,3
im_11_9.png,3
im_22_9.png,3
im_29_9.png,3
im_30_9.png,3
im_23_9.png,3
im_24_9.png,3
im_16_9.png,3
im_0_9.png,3
im_28_9.png,3
im_2_9.png,3
im_6_9.png,3
im_20_9.png,3
im_15_9.png,3
im_25_9.png,3
im_26_9.png,3
im_10_9.png,3
im_8_9.png,3
im_18_9.png,3
im_4_9.png,3
im_9_9.png,3
im_14_9.png,3
im_12_9.png,3
im_21_9.png,3
im_27_9.png,3
im_7_9.png,3
im_19_9.png,3
im_1_9.png,3
im_5_9.png,3
im_17_9.png,3
im_3_9.png,3
im_21_28.png,3
im_22_28.png,3
im_32_28.png,0
im_0_28.png,3
im_8_28.png,3
im_25_28.png,3
im_17_28.png,1
im_2_28.png,3
im_13_28.png,3
im_4_28.png,3
im_9_28.png,3
im_27_28.png,3
im_5_28.png,3
im_7_28.png,3
im_23_28.png,0
im_18_28.png,0
im_19_28.png,3
im_10_28.png,3
im_24_28.png,3
im_11_28.png,3
im_1_28.png,3
im_15_28.png,3
im_14_28.png,3
im_3_28.png,3
im_30_28.png,3
im_29_28.png,3
im_12_28.png,3
im_20_28.png,3
im_6_28.png,3
im_28_28.png,3
im_26_28.png,3
im_16_28.png,3
im_31_28.png,3
im_188_52.png,1
im_109_52.png,2
im_72_52.png,2
im_189_52.png,2
im_26_52.png,2
im_119_52.png,2
im_156_52.png,2
im_202_52.png,2
im_19_52.png,2
im_105_52.png,2
im_47_52.png,2
im_53_52.png,2
im_10_52.png,2
im_205_52.png,2
im_13_52.png,2
im_120_52.png,2
im_52_52.png,2
im_25_52.png,2
im_24_52.png,2
im_100_52.png,2
im_18_52.png,2
im_98_52.png,2
im_0_52.png,2
im_76_52.png,2
im_203_52.png,2
im_5_52.png,2
im_27_52.png,2
im_59_52.png,2
im_97_52.png,2
im_99_52.png,2
im_174_52.png,2
im_44_52.png,2
im_68_52.png,2
im_4_52.png,2
im_155_52.png,2
im_48_52.png,2
im_85_52.png,2
im_29_52.png,2
im_43_52.png,2
im_127_52.png,2
im_186_52.png,2
im_164_52.png,2
im_75_52.png,2
im_30_52.png,2
im_34_52.png,2
im_74_52.png,2
im_69_52.png,2
im_138_52.png,2
im_175_52.png,2
im_158_52.png,2
im_182_52.png,2
im_42_52.png,2
im_2_52.png,2
im_39_52.png,2
im_139_52.png,2
im_22_52.png,1
im_169_52.png,1
im_57_52.png,1
im_38_52.png,2
im_143_52.png,1
im_56_52.png,2
im_173_52.png,2
im_117_52.png,2
im_107_52.png,2
im_46_52.png,2
im_93_52.png,2
im_16_52.png,2
im_79_52.png,2
im_144_52.png,2
im_184_52.png,2
im_163_52.png,2
im_3_52.png,2
im_23_52.png,2
im_193_52.png,1
im_78_52.png,1
im_50_52.png,1
im_103_52.png,1
im_176_52.png,1
im_196_52.png,1
im_70_52.png,1
im_89_52.png,1
im_198_52.png,1
im_115_52.png,1
im_55_52.png,1
im_140_52.png,1
im_135_52.png,1
im_122_52.png,1
im_102_52.png,2
im_67_52.png,2
im_153_52.png,2
im_71_52.png,2
im_28_52.png,2
im_106_52.png,2
im_200_52.png,2
im_128_52.png,2
im_82_52.png,1
im_161_52.png,1
im_36_52.png,2
im_104_52.png,2
im_35_52.png,1
im_7_52.png,1
im_191_52.png,2
im_6_52.png,2
im_58_52.png,1
im_152_52.png,1
im_160_52.png,2
im_201_52.png,2
im_131_52.png,1
im_1_52.png,2
im_51_52.png,1
im_179_52.png,2
im_84_52.png,2
im_190_52.png,2
im_49_52.png,2
im_92_52.png,2
im_118_52.png,2
im_41_52.png,2
im_172_52.png,2
im_177_52.png,2
im_80_52.png,1
im_192_52.png,1
im_66_52.png,1
im_154_52.png,2
im_171_52.png,2
im_134_52.png,2
im_77_52.png,1
im_111_52.png,1
im_81_52.png,2
im_194_52.png,1
im_168_52.png,1
im_83_52.png,1
im_121_52.png,1
im_11_52.png,1
im_20_52.png,1
im_101_52.png,1
im_87_52.png,1
im_21_52.png,1
im_94_52.png,1
im_33_52.png,1
im_65_52.png,1
im_180_52.png,1
im_8_52.png,1
im_37_52.png,1
im_157_52.png,1
im_166_52.png,1
im_63_52.png,1
im_148_52.png,1
im_181_52.png,1
im_162_52.png,1
im_136_52.png,3
im_197_52.png,1
im_9_52.png,1
im_183_52.png,1
im_125_52.png,1
im_86_52.png,1
im_90_52.png,1
im_195_52.png,1
im_165_52.png,1
im_146_52.png,2
im_141_52.png,2
im_40_52.png,2
im_17_52.png,2
im_130_52.png,2
im_145_52.png,2
im_32_52.png,1
im_151_52.png,2
im_159_52.png,2
im_126_52.png,2
im_178_52.png,2
im_14_52.png,1
im_124_52.png,2
im_133_52.png,1
im_15_52.png,2
im_185_52.png,2
im_62_52.png,2
im_61_52.png,2
im_12_52.png,2
im_129_52.png,2
im_73_52.png,2
im_91_52.png,2
im_113_52.png,2
im_108_52.png,2
im_31_52.png,2
im_96_52.png,2
im_187_52.png,2
im_149_52.png,2
im_88_52.png,2
im_54_52.png,1
im_137_52.png,1
im_95_52.png,1
im_114_52.png,2
im_116_52.png,1
im_147_52.png,2
im_204_52.png,2
im_45_52.png,3
im_60_52.png,2
im_170_52.png,2
im_123_52.png,1
im_112_52.png,2
im_142_52.png,2
im_150_52.png,2
im_132_52.png,2
im_199_52.png,2
im_167_52.png,2
im_110_52.png,3
im_64_52.png,2
im_2_56.png,1
im_16_56.png,1
im_23_56.png,1
im_15_56.png,1
im_6_56.png,1
im_32_56.png,1
im_5_56.png,1
im_11_56.png,1
im_18_56.png,1
im_0_56.png,1
im_27_56.png,1
im_13_56.png,1
im_10_56.png,1
im_12_56.png,1
im_9_56.png,1
im_1_56.png,1
im_8_56.png,1
im_4_56.png,1
im_17_56.png,1
im_25_56.png,1
im_7_56.png,1
im_24_56.png,1
im_19_56.png,1
im_29_56.png,1
im_22_56.png,1
im_31_56.png,1
im_26_56.png,1
im_3_56.png,1
im_28_56.png,1
im_30_56.png,1
im_14_56.png,1
im_20_56.png,1
im_21_56.png,1
im_124_57.png,0
im_31_57.png,0
im_149_57.png,1
im_80_57.png,0
im_8_57.png,3
im_79_57.png,3
im_87_57.png,0
im_138_57.png,0
im_40_57.png,0
im_136_57.png,0
im_51_57.png,0
im_94_57.png,0
im_73_57.png,3
im_41_57.png,0
im_105_57.png,3
im_119_57.png,0
im_150_57.png,3
im_146_57.png,3
im_75_57.png,0
im_20_57.png,0
im_14_57.png,0
im_53_57.png,0
im_133_57.png,0
im_142_57.png,0
im_50_57.png,0
im_120_57.png,0
im_13_57.png,0
im_128_57.png,3
im_102_57.png,3
im_36_57.png,0
im_91_57.png,0
im_118_57.png,3
im_122_57.png,3
im_121_57.png,3
im_116_57.png,0
im_95_57.png,0
im_21_57.png,0
im_5_57.png,0
im_66_57.png,0
im_62_57.png,0
im_74_57.png,3
im_78_57.png,3
im_111_57.png,3
im_117_57.png,3
im_11_57.png,3
im_38_57.png,0
im_67_57.png,0
im_135_57.png,0
im_26_57.png,0
im_90_57.png,0
im_96_57.png,0
im_132_57.png,0
im_107_57.png,0
im_85_57.png,0
im_54_57.png,0
im_33_57.png,0
im_68_57.png,0
im_1_57.png,0
im_131_57.png,0
im_92_57.png,0
im_7_57.png,0
im_70_57.png,0
im_141_57.png,0
im_101_57.png,0
im_127_57.png,0
im_48_57.png,0
im_112_57.png,0
im_18_57.png,0
im_17_57.png,0
im_23_57.png,0
im_103_57.png,0
im_113_57.png,0
im_57_57.png,0
im_86_57.png,0
im_114_57.png,0
im_110_57.png,0
im_108_57.png,0
im_3_57.png,0
im_24_57.png,0
im_72_57.png,0
im_32_57.png,0
im_44_57.png,0
im_77_57.png,0
im_100_57.png,0
im_123_57.png,0
im_64_57.png,0
im_134_57.png,0
im_137_57.png,0
im_25_57.png,0
im_43_57.png,0
im_143_57.png,0
im_125_57.png,0
im_34_57.png,1
im_81_57.png,0
im_22_57.png,0
im_6_57.png,0
im_60_57.png,0
im_27_57.png,0
im_63_57.png,0
im_98_57.png,0
im_139_57.png,0
im_59_57.png,0
im_9_57.png,0
im_45_57.png,0
im_83_57.png,0
im_65_57.png,0
im_99_57.png,3
im_39_57.png,0
im_89_57.png,0
im_97_57.png,0
im_61_57.png,0
im_47_57.png,0
im_56_57.png,0
im_10_57.png,1
im_82_57.png,1
im_126_57.png,1
im_145_57.png,3
im_46_57.png,0
im_37_57.png,0
im_71_57.png,3
im_104_57.png,0
im_140_57.png,2
im_109_57.png,0
im_4_57.png,0
im_15_57.png,0
im_28_57.png,0
im_19_57.png,0
im_42_57.png,0
im_52_57.png,0
im_151_57.png,0
im_58_57.png,0
im_30_57.png,0
im_115_57.png,2
im_35_57.png,0
im_49_57.png,2
im_16_57.png,2
im_130_57.png,2
im_0_57.png,0
im_129_57.png,0
im_148_57.png,2
im_2_57.png,1
im_106_57.png,0
im_144_57.png,0
im_84_57.png,0
im_76_57.png,0
im_88_57.png,2
im_93_57.png,0
im_147_57.png,0
im_29_57.png,0
im_69_57.png,0
im_55_57.png,0
im_12_57.png,0
im_99_59.png,3
im_49_59.png,3
im_76_59.png,3
im_19_59.png,3
im_82_59.png,3
im_107_59.png,3
im_21_59.png,3
im_13_59.png,3
im_24_59.png,3
im_46_59.png,3
im_104_59.png,3
im_26_59.png,3
im_102_59.png,3
im_17_59.png,3
im_63_59.png,3
im_92_59.png,3
im_61_59.png,3
im_87_59.png,3
im_66_59.png,3
im_11_59.png,3
im_91_59.png,3
im_67_59.png,3
im_5_59.png,3
im_80_59.png,3
im_70_59.png,3
im_60_59.png,3
im_59_59.png,3
im_48_59.png,3
im_100_59.png,3
im_29_59.png,3
im_93_59.png,3
im_0_59.png,3
im_31_59.png,3
im_6_59.png,3
im_47_59.png,3
im_88_59.png,3
im_106_59.png,3
im_3_59.png,3
im_4_59.png,3
im_14_59.png,3
im_89_59.png,3
im_22_59.png,3
im_34_59.png,3
im_62_59.png,3
im_96_59.png,3
im_57_59.png,3
im_74_59.png,3
im_95_59.png,3
im_44_59.png,3
im_9_59.png,3
im_58_59.png,3
im_38_59.png,3
im_30_59.png,3
im_98_59.png,3
im_79_59.png,3
im_97_59.png,3
im_42_59.png,3
im_43_59.png,3
im_83_59.png,3
im_39_59.png,3
im_72_59.png,3
im_54_59.png,3
im_37_59.png,3
im_108_59.png,3
im_12_59.png,3
im_52_59.png,3
im_10_59.png,3
im_84_59.png,3
im_71_59.png,3
im_109_59.png,3
im_85_59.png,3
im_1_59.png,3
im_50_59.png,3
im_28_59.png,3
im_73_59.png,3
im_2_59.png,3
im_101_59.png,3
im_18_59.png,3
im_36_59.png,3
im_32_59.png,3
im_81_59.png,3
im_94_59.png,3
im_40_59.png,3
im_90_59.png,3
im_8_59.png,3
im_56_59.png,3
im_65_59.png,3
im_16_59.png,3
im_23_59.png,3
im_41_59.png,3
im_53_59.png,3
im_55_59.png,3
im_45_59.png,3
im_103_59.png,3
im_68_59.png,3
im_33_59.png,3
im_64_59.png,3
im_78_59.png,3
im_69_59.png,3
im_25_59.png,3
im_105_59.png,3
im_27_59.png,3
im_75_59.png,3
im_86_59.png,3
im_15_59.png,3
im_51_59.png,3
im_77_59.png,3
im_7_59.png,3
im_20_59.png,3
im_35_59.png,3
im_231_60.png,1
im_123_60.png,1
im_188_60.png,1
im_246_60.png,1
im_195_60.png,1
im_203_60.png,1
im_154_60.png,1
im_145_60.png,1
im_161_60.png,1
im_91_60.png,1
im_82_60.png,1
im_245_60.png,1
im_15_60.png,1
im_183_60.png,1
im_93_60.png,1
im_198_60.png,1
im_28_60.png,1
im_240_60.png,1
im_202_60.png,1
im_162_60.png,1
im_95_60.png,1
im_106_60.png,1
im_61_60.png,1
im_237_60.png,1
im_43_60.png,1
im_101_60.png,3
im_192_60.png,1
im_187_60.png,2
im_104_60.png,1
im_224_60.png,1
im_234_60.png,1
im_124_60.png,1
im_102_60.png,1
im_109_60.png,1
im_230_60.png,1
im_241_60.png,1
im_163_60.png,1
im_125_60.png,1
im_135_60.png,1
im_52_60.png,1
im_39_60.png,1
im_140_60.png,1
im_76_60.png,1
im_92_60.png,1
im_1_60.png,1
im_201_60.png,1
im_55_60.png,1
im_250_60.png,1
im_68_60.png,1
im_219_60.png,1
im_229_60.png,1
im_14_60.png,1
im_10_60.png,1
im_165_60.png,1
im_159_60.png,1
im_227_60.png,1
im_70_60.png,1
im_78_60.png,1
im_46_60.png,1
im_137_60.png,1
im_31_60.png,1
im_18_60.png,1
im_252_60.png,1
im_193_60.png,1
im_226_60.png,1
im_110_60.png,1
im_96_60.png,1
im_212_60.png,1
im_38_60.png,1
im_141_60.png,1
im_49_60.png,1
im_58_60.png,1
im_175_60.png,1
im_185_60.png,1
im_178_60.png,1
im_63_60.png,1
im_222_60.png,1
im_156_60.png,1
im_204_60.png,1
im_251_60.png,1
im_54_60.png,1
im_66_60.png,1
im_248_60.png,1
im_177_60.png,1
im_103_60.png,1
im_130_60.png,1
im_194_60.png,1
im_115_60.png,1
im_86_60.png,1
im_207_60.png,1
im_56_60.png,1
im_21_60.png,1
im_247_60.png,1
im_200_60.png,1
im_67_60.png,1
im_151_60.png,1
im_44_60.png,1
im_69_60.png,1
im_189_60.png,1
im_90_60.png,1
im_113_60.png,1
im_126_60.png,1
im_29_60.png,1
im_208_60.png,1
im_11_60.png,1
im_36_60.png,1
im_209_60.png,1
im_168_60.png,1
im_50_60.png,1
im_233_60.png,1
im_142_60.png,1
im_3_60.png,1
im_217_60.png,1
im_97_60.png,1
im_215_60.png,1
im_131_60.png,1
im_112_60.png,1
im_85_60.png,1
im_13_60.png,1
im_221_60.png,1
im_119_60.png,1
im_255_60.png,1
im_23_60.png,1
im_40_60.png,1
im_32_60.png,1
im_87_60.png,1
im_100_60.png,1
im_180_60.png,1
im_105_60.png,1
im_111_60.png,1
im_157_60.png,1
im_81_60.png,1
im_150_60.png,1
im_53_60.png,1
im_117_60.png,1
im_24_60.png,1
im_179_60.png,1
im_84_60.png,1
im_160_60.png,1
im_254_60.png,1
im_169_60.png,1
im_128_60.png,1
im_144_60.png,1
im_75_60.png,1
im_62_60.png,1
im_205_60.png,1
im_83_60.png,1
im_59_60.png,1
im_108_60.png,1
im_16_60.png,1
im_146_60.png,1
im_206_60.png,1
im_25_60.png,1
im_7_60.png,1
im_30_60.png,1
im_191_60.png,1
im_164_60.png,1
im_235_60.png,1
im_2_60.png,1
im_94_60.png,1
im_199_60.png,1
im_51_60.png,1
im_71_60.png,1
im_256_60.png,1
im_12_60.png,1
im_99_60.png,1
im_72_60.png,1
im_120_60.png,1
im_89_60.png,1
im_48_60.png,1
im_47_60.png,1
im_88_60.png,1
im_127_60.png,1
im_65_60.png,1
im_220_60.png,1
im_8_60.png,1
im_153_60.png,1
im_64_60.png,1
im_253_60.png,1
im_167_60.png,1
im_34_60.png,1
im_158_60.png,1
im_147_60.png,1
im_181_60.png,1
im_22_60.png,1
im_228_60.png,1
im_129_60.png,1
im_236_60.png,1
im_118_60.png,1
im_57_60.png,1
im_152_60.png,1
im_143_60.png,1
im_133_60.png,1
im_242_60.png,1
im_186_60.png,1
im_20_60.png,1
im_210_60.png,1
im_238_60.png,1
im_17_60.png,1
im_79_60.png,1
im_173_60.png,1
im_176_60.png,1
im_166_60.png,1
im_134_60.png,1
im_213_60.png,1
im_35_60.png,1
im_182_60.png,1
im_80_60.png,1
im_174_60.png,1
im_138_60.png,1
im_244_60.png,1
im_37_60.png,1
im_232_60.png,1
im_74_60.png,1
im_60_60.png,1
im_107_60.png,1
im_122_60.png,1
im_197_60.png,1
im_0_60.png,1
im_121_60.png,1
im_19_60.png,1
im_33_60.png,1
im_98_60.png,1
im_136_60.png,1
im_4_60.png,1
im_223_60.png,1
im_132_60.png,1
im_27_60.png,1
im_9_60.png,1
im_214_60.png,1
im_41_60.png,1
im_171_60.png,1
im_190_60.png,1
im_249_60.png,1
im_155_60.png,1
im_148_60.png,1
im_42_60.png,1
im_45_60.png,1
im_77_60.png,1
im_139_60.png,1
im_216_60.png,1
im_184_60.png,1
im_211_60.png,1
im_172_60.png,1
im_116_60.png,1
im_5_60.png,1
im_239_60.png,1
im_73_60.png,1
im_6_60.png,1
im_114_60.png,1
im_149_60.png,1
im_170_60.png,1
im_218_60.png,1
im_243_60.png,1
im_26_60.png,1
im_196_60.png,1
im_225_60.png,1
